english	quenya
Merry Christmas!	Ná merye i turuhalmeri!
Thank you for coming.	Hantanyel tulesselyanen.
I am coming.	Túlan.
Keep off the grass.	Ava vanta i salquessë.
Certainly.	Tancavë.
Certainly.	Tancave!
Good morning!	Mara tuilë.
Good evening.	Mara sinyë.
Who are you?	Man nastë?
Happy New Year!	Ná alya i vinya loa!
How are you?	Manenna?
Hello!	Mára aurë.
How are you today?	Manenna sinarë?
A star shines on the hour of our meeting.	Elen síla lúmenn' omentielvo.
One, two, three, four, five, six, seven, eight, nine, ten.	Minë, atta, neldë, canta, lempë, enquë, otso, tolto, nertë, cainen.
Good night!	Mara lomë.
Thanks!	Hantalë!
No.	Lau.
Yes.	Tancavë.
Cheers!	Almién!
Goodbye!	Mára mesta.
Where shall we go?	Massë hotuli?
I am well.	Nan mara.
This is my home.	Sina mardenya.
I hate you.	Tevenyel.
Good day!	Mára aurë.
Have a good journey!	Mára mesta!
Get a life.	Hria cuilë.
May Balrogs eat you.	Nai Valaraukar tye-mátar.
Your hair is pretty.	Findesselya vanya.
Hail!	Aiya!
I'm drowning!	Quorëan!
Stand aside, mortals.	Heca, firimar.
What goes up must come down.	Ya línna ambanna tulinuva nan.
Farewell!	Namárië.
May you have a lovely day.	Nai haryuvalyë melwa rë.
Hail, guildbrother.	Aiya otorno.
Hail, guildsister.	Aiya osellë.
Hail, friend.	Aiya meldo.
Hail, friends.	Aiya meldor.
My home is your home.	Mardenya, mardelya.
Hísiel and Nenwë watch the forest.	Hísiel ar Nenwë tírat i taurë.
I see a man between the trees.	Cénanyë nér imbi i aldar.
Where do you see him?	Massë cénatyes?
He is going beneath the shadows.	Lelyëas nu lómini.
Come, Hísiel, we follow him! Stop!	Á tulë, Hísiel, hilyëalves! Á hauta!
We are Noldor. I’m Hísiel. Are you one of the Sindar?	Nammë Noldor. Nan Hísiel. Ma nalyë Sinda?
I am!	Nan.
We wish friendship.	Mérammë nilmë.
We can come again to this place.	Ata pólalmë tulë sinomë.
Good.	Mára.
A leaf is falling.	Lassë lantëa.
Leaves are falling.	Lassi lantear.
The king is coming.	I aran túla.
Men are going.	Neri lelyear.
The leaf and the tree are falling.	Lassë ar alda lanteat.
The king and queen are coming.	Aran ar tári túlat.
You are watching.	Tíral.
He is falling.	Lanteas.
They are going.	Lelyeat.
They are watching.	Tíraltë.
You are coming.	Tulaldë.
The two of you are watching.	Tírastë.
The pair of them is coming.	Túlattë.
I'm falling.	Lantëanyë.
We are watching.	Tírammë.
You see me.	Cénalyen.
I want it.	Méranyes.
We all find them.	Híralmet.
I wish to see.	Méran tirë.
I'm able to speak.	Pólan quetë.
Watch the forest!	Á tirë taurë!
Go!	A lelya!
Nenwë is a Noldo.	Nenwë Noldo ná.
You are seeing a man.	Cénatyë nér.
Are you seeing a man?	Ma cénatyë nér?
A Noldo is beneath the tree.	Noldo nu i alda ná.
Is a Noldo beneath the tree?	Ma Noldo nu i alda ná?
Be seeing you!	Tenn' enomentielva!
Yes!	Ná!
Hurray!	Alayambo!
Hurray! I have found it!	Yé! Utúvienyes!
Into the fog!	Hísenna!
Best wishes!	Merin sa haryalye alasse!
Happy Tolkien's birthday!	Alasse merendenna i Carmo!
Have a good summer vacation!	Nai áre laireva calyuva i falassi!
I don't speak Quenya.	Quetin ú quenyo.
Your hair shines like gold.	Findelya cala ve laure.
Come outside with me and look at the constellations.	A hótule asinye i meneltannar tirien.
Your place or mine?	Mano mardenna?
Take off your clothes and lie down on the bed!	A helta ar caita caimanna!
I will love you for better for worse till death us do part.	Le meluvan úne ar alye lúmessen tenna nurucilie.
Well met.	Máravë omentaina.
I greet you.	Suilanyel.
I give greetings to everyone.	Suilantan ilquen.
I am happy to meet you.	Alassëa tyë-omentien.
Our meeting is a pleasure.	Omentielm' alassë ná.
I am happy about our meeting.	Alassëa omentielman nan.
It has been too long.	Lúmë anta avánië.
Long journey?	Anda lenda?
My heart sings to see you.	Órenya linda tyë-cenien.
You again?	Entulil.
You are welcome here.	Omentielyë alassenen.
I need to go.	Mauya nin avánië
Come near the fire.	A tula náressë.
Become yourself the person you were born to be.	Á querë immo i quén nelyë nóna náven.
Don't fear.	Áva rucë.
God is my leader, and my sword is my companion.	Eru ná cánonya, ar macilinya ná sartonya.
Our Father who art in heaven, hallowed be thy name. Thy kingdom come. Thy will be done, on earth as it is in heaven. Give us this day our daily bread, and forgive us our trespasses, as we forgive those who trespass against us, and lead us not into temptation, but deliver us from evil.	Átaremma i ëa han ëa · na aire esselya · aranielya na tuluva · na care indómelya cemende tambe Erumande : ámen anta síra ilaurëa massamma · ar ámen apsene úcaremmar sív’ emme apsenet tien i úcarer emmen. Álame tulya úsahtienna mal áme e telehta ulcullo : násie
A star shines on the hour of our meeting.	Elen siluva lúmenna omentielva.
We're watching.	Tírammë.
I am a cat.	Nanyë yaulë.
I'm a cat.	Nanyë yaulë.
I don't want meat.	Uan merë apsa.
I don't eat meat.	Uan matë apsa.
They didn't do anything.	Uar carnë ma.
They did nothing.	Uar carnë ma.
They haven't done anything.	Uar acárië ma.
Welcome.	Alatulya.
Welcome!	Alatulya!
I want a book.	Méranyë parma.
I want the book.	Méranyë i parma.
Quenya is an Eldarin language.	Quenya ná lambë eldaiva.
I loved their work.	Mellenyë motanta.
The world is beautiful.	I ambar vanya.
Are you a wizard?	Ma lye Istar?
I'm happy to meet you.	Alassëa tyë-omentien.
I'm a slave.	Ní mól.
I don't know.	Uan ista.
War is bad.	Ohta urra.
The world is sick.	I mar laiwa.
Anger is poisonous.	Aha hloirëa.
I'm a fish.	Nanyë lingwë.
Trees are alive.	Aldar coinar.
Money is important.	Telpë valdëa.
What is a human being?	Mana atan?
God isn't real.	Eru ui ea.
The fish is yellow.	I lingwë ná malina.
The sun is shining.	Anar síla.
It is cold.	Ringa ná.
Do we go together to the town?	Ma ólelyalvë i ostonna?
I'm a witch.	Nanyë curuni.
Ten, eleven, twelve, thirteen, fourteen, fifteen, sixteen, seventeen, eighteen, nineteen, twenty.	Quean, minque, yunque, nelque, canque, lepenque, enenque, otoque, tolque, neterque, yuquain.
We're elves.	Quendi nalmë.
She was a good cat.	Mára yaulë anes.
He was a good cat.	Mára yaulë anes.
What's the doctor eating?	Mana i asar mata?
Isn't he hungry?	Ma ua maita?
Peace is possible.	Rainë cárima.
I am a mother.	Nanyë amil.
I'm a mother.	Nanyë amil.
Farewell!	Namárië!
Farewell.	Namárië.
The king is a fool.	I aran aut.
Hello.	Elen sila lumenn omentielvo.
I'm a woman.	Nányë nís.
I'm a man.	Nányë nér.
No, I am your father.	Fó, nanyë atarelya.
The beer was excellent.	I hímë né maira.
I don't know this girl.	Lá istan sina nettë.
I don't know this girl.	Lá istan sina vendë.
A dog saved their lives.	Huo rehtanë coiviënta.
That dove is wounded.	Tana cucua harna.
That dove is wounded.	Enta cucua harna.
Sex is weird.	Puhta aia.
I don't love my country.	Lá melin nórenyë.
His face turned pale.	Cendelerya nincwintane.
What's mine is yours, and what's yours is yours.	Ya ninya ná, tyenya ná; ar ya tyenya ná, tyenya ná.
What's mine is mine, and what's yours is mine.	Ya ninya ná, ninya ná; ar ya tyenya ná, ninya ná.
What's mine is yours, and what's yours is mine.	Ya ninya ná, tyenya ná; ar ya tyenya ná, ninya ná.
What's mine is mine, and what's yours is yours.	Ya ninya ná, ninya ná; ar ya tyenya ná, tyenya ná.
Whose shoes are those?	Manwa hyapat sina?
We didn't look for her.	Lá censelmës.
We didn't look for her.	Lá censelvës.
I'm with my friend.	Nanyë ó meldonya.
I'm with my friend.	Nanyë ó meldenya.
May the Force be with you.	Nai i Nírë nauva ó tye.
May the Force be with you.	Nai i Nírë nauva ó lye.
May the Force be with you.	Nai i Nírë nauva asetyë.
May the Force be with you.	Nai i Nírë nauva aselyë.
May the Force be with you.	Nai i Nírë nauva ó le.
May the Force be with you.	Nai i Nírë nauva aselë.
They only wanted a just peace.	Rië faila rainë mernentë.
They say a true friend is sincere.	"Mo quetë: ""Naitë meldo ná óripanta."""
They say a true friend is sincere.	Quetir i naitë meldo ná óripanta.
She often dreams about people who have passed away.	Rillumë óla sen pá qualini.
We don't need his help right now.	Sí lá mauralwë áserya.
We don't need his help right now.	Sí lá mauralmë áserya.
Forget about the past.	Á etsenë i vanwië.
This boat is too small.	Sina luntë acca cinta.
No, I am your father.	Fó, nanyë ataretya.
She's a bad singer.	Saulinis.
School doesn't have everything.	I parmen lá samë ilu.
The young woman is writing.	I vendë tecë.
They're going to the doctor.	Lennaltë i asaronna.
She's a very bad singer.	Saulinis.
She's a terrible singer.	Saulinis.
The news frightened me.	I sinyar sostaner ni.
Do you know where the broom is?	Istalyë massë i olöpse ná?
Do you know where the broom is?	Istatyë massë i olöpse ná?
Do you know where the broom is?	Istaldë massë i olöpse ná?
Reality has never felt real to me.	Ilu allumë nin nemnë nanwa.
Reality has never felt real to me.	Ambar allumë nin nemnë nanwa.
There's no benefit to this.	Ásë lá ëa sinassë.
I will be the peace president.	Nauvan i rainëo nóriecáno.
I slept in the garden.	Lornen i tarwassë.
Admit it, Tom.	Á etequetë sa, Tom.
He left yesterday.	Oantë nöa.
I've got milk.	Samin ilin.
I brought fruit and wine.	Tulyanen yávë ar hyero.
If you burn your house down, you have to sleep outside.	Aiquen urta coarya, loruvas ava.
A language isn't a collection of words.	Lambë lá er combë quettaron.
War is war.	Ohta ná ohta.
Does he have one or two daughters?	Ma samis min seldë hya seldë atta?
Tom lied about that, too.	Tom cuptanë pá ta yú.
Tom lied about that, too.	Tom yú cuptanë pá ta.
Tom ate my shoes.	Tom mantë hyapatinyar.
We're using the same words, but talking about different things.	Yuhtalve i imyë quettar, mal carpalve pá alavélë nati.
Who bought their house?	Man homancanë coanta?
His answer was short.	Hanquentarya né senta.
That's your book.	Ta parmalya.
That's your book.	Ta parmatya.
That's your book.	Ta parmalda.
That is your book.	Ta parmalda.
That's your guys's book.	Ta parmalda.
That is your book.	Ta parmatya.
That is your book.	Ta parmalya.
He's with him.	Nás ó se.
The queen had three daughters.	I tári sáme seldi neldë.
He's looking for his pencil.	Cestas urmatecilya.
I'm buying a flower.	Homancëan lótë.
Money is nothing.	Telpë ná munta.
Tom became my enemy.	Tom ollë cottonya.
Yanni died in April.	Yánni firnë mi Víressë.
Yanni died in April.	Yánni qualnë mi Víressë.
Yanni died a violent death in April.	Yánni qualnë mi Víressë.
Yanni died peacefully in April.	Yánni firnë mi Víressë.
Yanni died of natural causes in April.	Yánni firnë mi Víressë.
Do it.	Á carë.
He was a farmer.	Nés cemendur.
The pen you're holding now is mine.	I tecil ya sí haryal nínya.
She was young.	Né vinya.
What does your mom say?	Mana quetë amilitya?
What does your mom say?	Mana quetë amililya?
Everything is going to be different now.	Ilya nat nauva hyana sí.
Yanni died a painful death in April.	Yánni qualnë mi Víressë.
I read all kinds of books.	Tengwanen parmar licantëar.
I read all kinds of books.	Tengwan parmar licantëar.
I don't think that I can do that for you.	Lá namin i polin ta carë lyen.
Tom fell off his horse.	Tom roccoryallo lanantë.
Tom is very patriotic.	Tom anwa nórendil ná.
Tom is a true patriot.	Tom anwa nórendil ná.
Tom is very patriotic.	Tom alta nórendil ná.
Tom is a big patriot.	Tom alta nórendil ná.
The whole thing was a lie.	I quanta nat né cupta.
I only want to help Tom.	Merin er mára carë Tomen.
There are fish in the water.	I nénessë nar lingwi.
Things are very bad.	I nattusta anulca.
The situation is very bad.	I nattusta anulca.
I'm not God.	Lá nanyë Eru.
I'm eating an orange.	Metin culuma.
They don't love us.	Lá melirmë.
I'm a peasant.	Nanyë cemendur.
This is artificial.	Sina tamna.
Peace starts at home.	Sívë yesta i coassë.
I'm looking for a weapon.	Cestin carma.
Democracy is dead.	Lietúrie vanwa.
He's got a sword.	Samis macil.
This is an olive.	Si ná milpio.
They deceived me.	Cuptanentë ni.
She's got a sword.	Samis macil.
Tom was an evil man.	Tom né olca nér.
She had pretty eyes.	Hendurya vanyë.
We live in the mountains.	Coitalmë orontissen.
We live in the mountains.	Coitalvë orontissen.
There's a well there.	Ëa tampo sanomë.
Tom was killed in prison.	Mo nahtane Tom mandossë.
No one wants to hear your poem.	Alquen merë hlarë lairelya.
Tatoeba is a drug.	Tatoeba ve alanessë ná.
Tatoeba is addictive.	Tatoeba ve alanessë ná.
We're with Tom.	Nálmë ó Tom.
We were neighbors.	Nélmë armaror.
We were neighbors.	Nélvë armaror.
The world is in danger.	Ambar ná raxessë.
A dog ran.	Huo norne.
Tom is a name.	Tom essë.
She is with her.	Se ó se.
You're a thief, Tom.	Nalyë arpo, Tom.
We see her.	Cenilmes.
I think he stole them.	Savin i se pílet.
I hate men.	Tevin neri.
You guys eat meat.	Matildë hrávë.
Death is natural.	Nuru ná nassëa.
Praise the Almighty!	Á laita i Ilúvala!
Laziness is the mother of invention.	Quinquelë amillë aulo.
The world is an egg.	Ambar ná ohtë.
If you understand this, you're really weird.	Qui hanyal sina, lal na sanya.
If you understand this, you're very unusual.	Qui hanyal sina, lal na sanya.
